tipo_interacao;runtime;qtd_interacoes;tempo_consumido_total;percentual_conclusao_medio;arquivos
avaliação;beam-direct;89;14265;76.26;1
avaliação;local;89;14265;76.26;1
avaliação;spark-local;89;14265;76.26;1
compartilhamento;beam-direct;90;19755;64.08;1
compartilhamento;local;90;19755;64.08;1
compartilhamento;spark-local;90;19755;64.08;1
conclusão;beam-direct;154;30970;100.00;1
conclusão;local;154;30970;100.00;1
conclusão;spark-local;154;30970;100.00;1
curtida;beam-direct;129;32302;68.87;1
curtida;local;129;32302;68.87;1
curtida;spark-local;129;32302;68.87;1
início;beam-direct;187;4047;8.43;1
início;local;187;4047;8.43;1
início;spark-local;187;4047;8.43;1
visualização;beam-direct;351;43542;45.69;1
visualização;local;351;43542;45.69;1
visualização;spark-local;351;43542;45.69;1
